Title,Content,Date,Author,Source,Topics
"Tech Giant Announces Revolutionary AI Product Launch Tomorrow","In a much-anticipated event, TechNova Inc. will unveil its latest AI-powered personal assistant tomorrow. The event, scheduled for December 6, 2024, will be streamed live from Silicon Valley. This product, dubbed NovaMind, promises to redefine how people interact with technology by offering advanced natural language processing and personalized user insights. CEO Mark Halton hinted at groundbreaking features during yesterday’s press briefing, including real-time language translation and predictive task management. Industry experts predict that NovaMind could dominate the market by the end of the year.","December 5, 2024","Lisa Turner","TechWorld","Technology"
"AI Investments Surge After Last Month's Conference","Global AI funding has skyrocketed since the International AI Summit held last month in Singapore. Companies announced a combined $150 billion in new AI projects focusing on healthcare, education, and sustainability. Yesterday, MedTech Corp unveiled AI-powered diagnostic tools that promise faster detection of diseases. Industry leaders believe this trend reflects growing confidence in AI as a tool for solving complex problems. However, experts caution against over-reliance without addressing ethical concerns.","December 5, 2024","Alex Johnson","AI Insights","Technology, Business"
"Quantum Computing Breakthrough Reported Yesterday","Yesterday, researchers at QuantumTech Labs revealed a breakthrough in quantum computing that could revolutionize cybersecurity. The new system, capable of solving encryption problems in seconds, was demonstrated during a press conference in Zurich. 'This achievement takes us one step closer to realizing the full potential of quantum computing,' said Dr. Elena Ford, the lead researcher. Experts anticipate that this innovation will be commercialized by early 2025.","December 5, 2024","Peter Franklin","TechWeekly","Technology, Security"
"TechNova Faces Backlash Over Data Privacy Concerns","Following yesterday’s announcement of its AI assistant, NovaMind, TechNova is facing criticism for its data privacy policies. Advocacy groups allege that the company’s terms of service lack transparency. Speaking today, CEO Mark Halton defended the product, claiming, 'Our AI systems are designed with user privacy at the forefront.' However, regulators have demanded a detailed explanation, and hearings are scheduled for next week.","December 5, 2024","Sarah Klein","CyberNews","Technology, Privacy"
"Global Tech Companies Set to Expand AI in Education","Yesterday, EduTech Inc. partnered with three global tech giants to launch AI-driven educational platforms. These platforms will offer personalized learning experiences, catering to students’ unique needs. The program will begin rolling out next month across Asia and Europe. This move is part of a broader initiative to integrate AI into classrooms, a trend emphasized during last month’s Global EdTech Forum.","December 5, 2024","Kevin Mills","EducationTech","Technology, Education"
"TechNova's CEO Responds to Employee Layoff Rumors","Amid rumors of large-scale layoffs, TechNova CEO Mark Halton confirmed yesterday that the company plans to restructure some departments but denied claims of mass layoffs. 'These changes are necessary to align with our long-term goals,' Halton stated during a press conference. The news follows reports that the company’s AI division, NovaMind, failed to meet internal deadlines last month.","December 5, 2024","Rachel Carter","BusinessWire","Technology, Business"
"The Rise of AI in Healthcare: A Year in Review","This year has witnessed a surge in AI applications in healthcare, from diagnostic tools to robotic surgeries. A recent report shows that 70% of hospitals in developed countries now use AI in some capacity. MedTech Corp, which announced new diagnostic tools yesterday, is leading the charge, with analysts forecasting a 50% revenue growth by year-end. The trend began gaining traction after last year’s pandemic exposed gaps in healthcare systems.","December 5, 2024","Dr. Alan Reid","MedNews","Technology, Health"
"Cybersecurity Concerns Grow as AI Tools Advance","As AI becomes more powerful, cybersecurity experts warn of potential risks. A report released yesterday highlighted how AI-generated phishing attacks increased by 300% in the last six months. Companies like CyberSafe Inc. are stepping up efforts to create counter-AI tools. Their new anti-phishing software, launched today, is expected to reduce cyber threats significantly.","December 5, 2024","John Blake","SecurityToday","Technology, Security"
"Will AI Replace Jobs? Experts Discuss at Yesterday’s Panel","During a panel discussion yesterday in New York, experts debated whether AI will lead to widespread job displacement. While some believe automation will eliminate millions of jobs, others argue it will create new opportunities in emerging fields. 'History shows that technology creates more jobs than it destroys,' said Dr. Laura Chang, an AI researcher.","December 5, 2024","Emily Stone","AI Weekly","Technology, Business"
"NovaMind Pre-Orders Surpass Expectations","TechNova announced today that pre-orders for its AI assistant NovaMind have exceeded expectations, with over 1 million units sold in 24 hours. This comes despite recent privacy concerns raised by advocacy groups. 'We’re thrilled with the response,' said CEO Mark Halton, adding that NovaMind is 'just the beginning' of the company’s AI ambitions.","December 5, 2024","Lisa Turner","TechWorld","Technology"
"Self-Driving Cars Gain Approval in Major US City","In a landmark decision yesterday, the city of San Francisco granted approval for self-driving cars to operate as taxis starting next week. This move is expected to revolutionize urban transportation and reduce traffic congestion. Autonomous driving company DriveX was the first to receive the green light. CEO Alan Stewart said, 'This is a pivotal moment for the future of mobility.' Safety advocates, however, have raised concerns about potential risks.","December 5, 2024","Jane Summers","AutoTech News","Technology, Transportation"
"Smartphone Makers Bet Big on Foldable Screens","Foldable smartphones are the hottest trend in tech, with several major brands unveiling new models during yesterday’s FutureTech Expo in Las Vegas. Experts believe these devices will capture 25% of the global smartphone market by 2026. Speaking at the event, TechGear CEO Linda Wang showcased their latest foldable phone, boasting durability and sleek design.","December 5, 2024","Martin Lee","GadgetWorld","Technology"
"New Renewable Energy App Empowers Homeowners","Today, GreenGrid launched a mobile app that helps homeowners optimize their use of renewable energy. The app uses AI to analyze energy usage patterns and suggests ways to maximize solar and wind power. The project, funded by a government grant, aims to make renewable energy adoption easier. 'We want everyone to contribute to a sustainable future,' said project lead Sarah Benson.","December 5, 2024","Sarah Benson","EnergyToday","Technology, Environment"
"SpaceTech Firm Plans 3D Printing in Space","OrbitalTech announced yesterday its ambitious plans to establish the first 3D printing facility in space by 2026. This project aims to produce satellite components directly in orbit, reducing costs and waste. CEO Mark Eldridge said the initiative will 'reshape the aerospace industry.' The company successfully tested the technology last month aboard the ISS.","December 5, 2024","Mark Eldridge","SpaceFrontier","Technology, Space"
"Blockchain Adoption in Supply Chains Surges","A report released today revealed that 45% of global supply chains now incorporate blockchain technology. This trend has grown rapidly since the pandemic exposed vulnerabilities in traditional systems. Yesterday, logistics giant GlobalLog announced a partnership with BlockNet to ensure transparency and efficiency in shipping.","December 5, 2024","Rachel Tan","TechEconomics","Technology, Business"
"Virtual Reality Therapy Gains Traction in Healthcare","Hospitals are increasingly adopting virtual reality (VR) therapy to treat mental health conditions. Yesterday, VRHealth Solutions demonstrated their immersive therapy platform at a medical conference in Boston. Studies show VR therapy reduces anxiety and PTSD symptoms by 30% on average. 'This technology is transforming mental healthcare,' said Dr. Emily Clarkson.","December 5, 2024","Dr. Emily Clarkson","HealthTech Journal","Technology, Health"
"Digital Nomad Visa: The Tech Revolution in Remote Work","Yesterday, the government of Estonia unveiled a new digital nomad visa aimed at attracting tech professionals. This visa, effective January 2025, allows remote workers to live and work in the country for up to a year. Tech startups have welcomed the initiative as a boost for innovation and talent mobility.","December 5, 2024","Laura Stevens","RemoteWorld","Technology, Business"
"AI-Powered Language Learning App Launches Today","LinguaTech launched its AI-powered language learning app today, promising faster results than traditional methods. The app personalizes lessons based on user progress and goals. 'Learning a new language has never been easier,' said founder Ahmed Patel during the launch event. The app supports 20 languages at launch, with plans to add more next year.","December 5, 2024","Ahmed Patel","TechStart","Technology, Education"
"Major Data Breach Affects 10 Million Users","TechSecure Inc. reported yesterday that a major data breach compromised the personal information of 10 million users. The breach occurred last month but was only discovered during a routine audit. Experts are calling it one of the worst cybersecurity incidents of the year. The company has apologized and promised enhanced security measures.","December 5, 2024","Diana Carter","CyberWatch","Technology, Security"
"Robot Chefs Debut in High-End Restaurants","Gourmet Robotics unveiled yesterday its fully autonomous robot chefs, capable of preparing gourmet meals in high-end restaurants. The robots, showcased in a live demonstration, can cook complex dishes with precision. 'This is not about replacing chefs but augmenting their creativity,' said founder Nathan Cole.","December 5, 2024","Nathan Cole","FoodTech News","Technology, Food"
"Severe Heatwave Predicted in Southern Europe","Meteorologists have warned of an intense heatwave expected to hit Southern Europe next week, with temperatures potentially exceeding 45°C. This announcement comes as scientists emphasize the urgent need for climate adaptation strategies. Local governments are urging residents to avoid outdoor activities during peak hours and to stay hydrated.","December 5, 2024","Laura Green","ClimateToday","Environment"
"Amazon Rainforest Deforestation Hits Record High","A report released yesterday revealed that deforestation in the Amazon rainforest has reached its highest level in over a decade. Satellite imagery shows that nearly 1 million hectares of forest were cleared last month alone. Environmental activists are calling for stronger international cooperation to combat illegal logging and protect biodiversity.","December 5, 2024","Carlos Mendes","EcoWatch","Environment"
"Global Summit on Plastic Pollution Concludes Today","The Global Summit on Plastic Pollution wrapped up today in Geneva, with 120 countries agreeing to phase out single-use plastics by 2030. Environmentalists hailed this as a major step forward but criticized the lack of immediate actions. 'We need to act now, not in a decade,' said Dr. Eleanor Cruz, an environmental scientist.","December 5, 2024","Eleanor Cruz","GreenWorld","Environment"
"Coral Reefs Show Signs of Recovery After Last Year's Bleaching Event","Scientists in Australia reported yesterday that sections of the Great Barrier Reef are showing signs of recovery following last year’s mass bleaching event. Warmer ocean temperatures caused by climate change had devastated the reefs, but conservation efforts and favorable conditions this year have sparked hope.","December 5, 2024","David Hughes","MarineTimes","Environment, Conservation"
"New Renewable Energy Park Inaugurated Yesterday","India inaugurated its largest renewable energy park yesterday in Gujarat, featuring solar and wind farms that will generate 15 GW of clean energy annually. Prime Minister Raj Patel said, 'This project is a testament to our commitment to achieving net-zero emissions by 2070.'","December 5, 2024","Ananya Rao","EnergyNow","Environment, Energy"
"Wildlife Extinction Rates Accelerating, Warns Report","A report released today by the Global Biodiversity Council reveals that wildlife extinction rates have accelerated over the past decade. One million species are now at risk of extinction. 'Human activities are the primary cause,' said Dr. Maria Lopez. Conservation groups are urging governments to increase funding for wildlife protection.","December 5, 2024","Maria Lopez","BioSphere","Environment, Conservation"
"Glaciers in the Himalayas Melting Faster Than Predicted","Scientists released new data yesterday showing that Himalayan glaciers are melting at an unprecedented rate. Over the last 20 years, the region has lost nearly 30% of its glacier mass due to rising temperatures. 'This is alarming,' said climate scientist Dr. Raj Mehta. The melting threatens water supplies for millions in Asia.","December 5, 2024","Raj Mehta","GeoNews","Environment, Climate Change"
"City Launches Urban Reforestation Initiative","The city of Tokyo launched an urban reforestation initiative today, aiming to plant over 1 million trees by 2026. Mayor Aiko Tanaka said, 'This initiative will help combat urban heat islands and improve air quality.' Local communities are being encouraged to participate through educational workshops.","December 5, 2024","Aiko Tanaka","UrbanLife","Environment, Urban Development"
"Ocean Cleanup Effort Removes 5,000 Tons of Plastic","An international ocean cleanup project announced yesterday that it has removed 5,000 tons of plastic from the Pacific Ocean this year. Project leader Tom Sanders said, 'This achievement shows that collective action can make a difference.' Plans are underway to expand operations to other heavily polluted areas.","December 5, 2024","Tom Sanders","OceanWatch","Environment, Conservation"
"Climate Refugees: A Growing Global Crisis","A UN report released today highlights the plight of climate refugees, estimating that 30 million people were displaced last year due to climate-related disasters. The report calls for international collaboration to address this humanitarian crisis. 'We must act with urgency,' said UN Secretary-General Antonio Guterres.","December 5, 2024","Antonio Guterres","GlobalNews","Environment, Humanitarian"
"Smart Agriculture: Tech Revolutionizes Farming Practices","Yesterday, AgriTech Summit 2024 showcased cutting-edge technologies like AI-powered irrigation and drone-based crop monitoring. These innovations promise to optimize water use and reduce chemical dependency, indirectly benefiting the environment by minimizing pollution. 'Sustainable farming is now a reality,' said keynote speaker Dr. Emily Ward.","December 5, 2024","Emily Ward","AgriTech News","Technology, Environment"
"Electric Vehicles Drive Down Urban Air Pollution","A study released today shows that cities with high electric vehicle adoption have seen a 30% drop in air pollution over the past five years. Experts attribute the reduction to the phasing out of traditional gas-powered cars. 'This is proof that green technology can have immediate environmental benefits,' said lead researcher Dr. Rahul Kapoor.","December 5, 2024","Rahul Kapoor","EcoMobility","Environment, Transportation"
"Forest Fires in California Spark Debate on Urban Planning","California's wildfire season began early this year, with over 50,000 acres burned last month. Experts blame climate change but also point to poor urban planning that has allowed developments near fire-prone areas. 'We must rethink how and where we build,' said urban planner Sarah Klein during yesterday's conference.","December 5, 2024","Sarah Klein","UrbanFocus","Environment, Urban Development"
"Recycling Innovations Transform Construction Industry","Construction companies are increasingly using recycled materials like plastic bricks and reclaimed wood, reducing waste and lowering carbon footprints. During yesterday's GreenBuild Expo, experts demonstrated new eco-friendly concrete mixes that use 30% less energy in production.","December 5, 2024","David Hunter","GreenBuild Weekly","Environment, Construction"
"Tourism Industry Pledges Carbon Neutrality by 2035","Major players in the tourism industry announced yesterday their commitment to achieving carbon neutrality by 2035. The World Tourism Alliance unveiled plans to promote eco-friendly travel, including carbon offset programs and sustainable hotel operations. 'This is a win for the planet and for conscious travelers,' said CEO Lina Roberts.","December 5, 2024","Lina Roberts","TravelEco","Environment, Tourism"
"Urban Gardening Gains Popularity in Major Cities","Cities like New York and Berlin are experiencing a surge in urban gardening, with residents turning vacant lots and rooftops into green spaces. A new report suggests that these gardens can reduce urban heat islands and improve air quality. 'It’s an excellent way to reconnect with nature,' said community leader Anna Torres.","December 5, 2024","Anna Torres","UrbanLife","Environment, Community"
"Green Bonds Funding Renewable Energy Projects Surge","Financial institutions have issued a record $500 billion in green bonds this year, funding renewable energy projects worldwide. Yesterday, the Global Finance Forum emphasized the growing role of sustainable investing in combating climate change. 'Green bonds are driving change at scale,' said economist Dr. Laura Martin.","December 5, 2024","Laura Martin","FinanceToday","Environment, Business"
"Eco-Friendly Fashion Gains Momentum with Gen Z","Yesterday, the Sustainable Fashion Summit highlighted brands committed to reducing their environmental impact through upcycling and biodegradable fabrics. Gen Z consumers are leading this movement, demanding transparency and accountability from the fashion industry. 'Sustainability is non-negotiable,' said designer Carla Ruiz.","December 5, 2024","Carla Ruiz","StyleGreen","Environment, Fashion"
"Food Waste Apps Help Reduce Landfill Overflow","Mobile apps that connect food donors with those in need are gaining popularity, significantly reducing food waste. Yesterday, FoodShare launched an upgraded version of its app, enabling better tracking of donations. Experts estimate that this initiative could divert 10 million tons of food from landfills annually, reducing methane emissions.","December 5, 2024","James Wong","GreenTech Today","Environment, Technology"
"AI Predicts Flood Risks in Vulnerable Regions","Researchers at ClimateAI unveiled a predictive model yesterday that identifies flood risks in vulnerable areas months in advance. Using satellite imagery and weather data, the system aims to improve disaster preparedness and reduce loss of life. 'This technology could save countless lives and protect ecosystems,' said Dr. Priya Sharma.","December 5, 2024","Priya Sharma","GeoTech News","Environment, Technology"
"India Wins Cricket World Cup 2024 in Thrilling Finale","In a nail-biting finish, India defeated England by three wickets to clinch the Cricket World Cup 2024 title. The final, held yesterday at the Melbourne Cricket Ground, kept fans on the edge of their seats. India’s captain, Rohit Sharma, played a crucial knock of 92 runs, guiding the team to victory in the final over. Celebrations erupted across India as fans gathered in streets to celebrate their heroes.","December 5, 2024","Anjali Mehta","ESPN Sports","Sports, Cricket"
"Historic Marathon Breaks World Records","Yesterday, Kenya’s Eliud Kipchoge shattered his own marathon record, completing the race in 1:58:35 at the World Athletics Championship in Berlin. Kipchoge credited his team and rigorous training regimen for the achievement. Fans worldwide hailed the run as a testament to human endurance.","December 5, 2024","David Palmer","Athletics Weekly","Sports, Athletics"
"USA Secures Olympic Basketball Gold After Decade","The USA men’s basketball team reclaimed the Olympic gold medal yesterday, defeating Spain 102-97 in a high-energy final. LeBron James, in his retirement season, scored 28 points, becoming the oldest player to win an Olympic gold. 'This is a dream ending to my career,' James said during the post-match conference.","December 5, 2024","Rachel Smith","Olympic Insider","Sports, Basketball"
"Football Club Signs Record-Breaking Sponsorship Deal","Manchester United announced today a $1 billion sponsorship deal with tech giant NovaTech, the largest in football history. This deal is expected to fund the club’s infrastructure upgrades and youth development programs. Fans and analysts see this as a transformative step for the club.","December 5, 2024","Mark Wilson","Soccer Times","Sports, Football"
"Women’s Tennis Finals Draw Record Viewership","Yesterday’s Women’s Tennis Finals broke global viewership records, with 20 million fans tuning in to watch Japan’s Naomi Osaka defeat Spain’s Garbiñe Muguruza in three thrilling sets. Osaka’s powerful performance earned her the title and her fourth Grand Slam.","December 5, 2024","Sarah Harper","Tennis Today","Sports, Tennis"
"World Cup Qualifiers: Argentina Edges Past Brazil","In a closely contested match yesterday, Argentina secured a 2-1 victory over Brazil to qualify for the FIFA World Cup 2026. Lionel Messi’s free-kick in the 87th minute sealed the win. Fans hailed it as one of the most memorable matches in recent years.","December 5, 2024","Carlos Rivera","Football Fanatics","Sports, Football"
"Winter Olympics: First Gold for India in Skiing","India’s Aryan Thakur made history yesterday by winning the nation’s first-ever gold medal in Alpine Skiing at the Winter Olympics. His victory sparked celebrations back home, with the Prime Minister calling it 'a proud moment for the entire country.'","December 5, 2024","Priya Kapoor","WinterSports Weekly","Sports, Skiing"
"Chess Championship Ends in Dramatic Tie-Breaker","The 2024 World Chess Championship concluded yesterday, with Magnus Carlsen defending his title against Ian Nepomniachtchi in a dramatic tie-breaker. The intense match lasted over 12 hours, with Carlsen ultimately prevailing in the blitz rounds.","December 5, 2024","Daniel Novak","Chess World","Sports, Chess"
"Formula 1: Verstappen Wins Record 5th Title","Max Verstappen secured his fifth Formula 1 title yesterday at the Abu Dhabi Grand Prix, finishing ahead of Lewis Hamilton and Charles Leclerc. Verstappen’s dominant season was marked by 12 wins, making it one of the most successful campaigns in F1 history.","December 5, 2024","Ethan Cross","F1 News","Sports, Formula 1"
"Esports Tournament Sets $10M Prize Pool Record","The 2024 Global Esports Championship concluded yesterday, with Team Phoenix claiming the $10 million prize pool after defeating Team Shadow in the Valorant Grand Finals. Esports enthusiasts worldwide celebrated the event as a landmark moment in the industry’s growth.","December 5, 2024","Alicia Torres","Esports Central","Sports, Esports"
"India Plans Grand Reception for Cricket World Cup Champions","After their thrilling World Cup victory over England, India’s cricket team is set to receive a grand reception in Mumbai tomorrow. Sources confirmed that fans will line the streets to welcome their heroes. The celebration comes amid calls to declare December 6 as a national holiday to honor the team’s achievement.","December 5, 2024","Anjali Mehta","ESPN Sports","Sports, Cricket"
"England Analyzes Loss in Cricket World Cup Final","England’s coach, Michael Vaughan, reflected on their close loss to India in the World Cup final. 'We were brilliant in patches but failed to finish strong,' Vaughan said during a press conference today. Analysts have praised England’s bowling performance but noted that their middle-order batting was underwhelming.","December 5, 2024","Chris Roberts","Cricket Daily","Sports, Cricket"
"Kenyan Runners Dominate Half-Marathon in Dubai","A week after Eliud Kipchoge’s record-breaking marathon, Kenyan athletes dominated the Dubai Half-Marathon yesterday, with Peter Kiprono winning in 58:30. Kiprono attributed his victory to rigorous training and inspiration from Kipchoge’s Berlin triumph.","December 5, 2024","David Palmer","Athletics Weekly","Sports, Athletics"
"Spain to Host FIFA World Cup Draw Tomorrow","The official draw for the FIFA World Cup 2026 will be held in Madrid tomorrow. Teams from around the world, including Argentina and Brazil, are eagerly awaiting their group placements. This follows Argentina’s dramatic qualifier win over Brazil last week.","December 5, 2024","Carlos Rivera","Football Fanatics","Sports, Football"
"Japan’s Naomi Osaka to Lead New Women’s Tennis Initiative","Following her Grand Slam win last week, Naomi Osaka announced today that she will spearhead a global initiative to promote women’s tennis in underserved regions. Osaka said, 'Tennis changed my life, and I want to give others the same opportunity.'","December 5, 2024","Sarah Harper","Tennis Today","Sports, Tennis"
"LeBron James Announces Retirement After Olympic Victory","Following the USA’s Olympic basketball gold medal win, LeBron James confirmed today that he will retire from professional basketball at the end of the NBA season. 'Winning gold was the perfect ending to my journey,' James said during an emotional press conference.","December 5, 2024","Rachel Smith","Olympic Insider","Sports, Basketball"
"Argentina-Brazil Rivalry Spurs Record Ticket Sales","Tickets for the Argentina-Brazil friendly match next month sold out within hours, fueled by last week’s dramatic World Cup qualifier. Fans are eager to see Lionel Messi and Neymar face off again. This rivalry remains one of the most iconic in football history.","December 5, 2024","Carlos Rivera","Football Fanatics","Sports, Football"
"Chess World Championship Inspires New Players","After Magnus Carlsen’s dramatic win in the World Chess Championship, chess academies worldwide have reported a surge in enrollments. The championship’s high viewership on streaming platforms has also boosted interest among young players.","December 5, 2024","Daniel Novak","Chess World","Sports, Chess"
"Esports Championship Sparks Talks of Olympic Inclusion","Following the record-breaking prize pool at the Global Esports Championship last week, industry leaders are lobbying for esports to be included in the 2028 Olympics. 'This is not just a game; it’s a global phenomenon,' said Esports Federation President Alex Tan.","December 5, 2024","Alicia Torres","Esports Central","Sports, Esports"
"Formula 1 Teams Discuss 2025 Regulations After Verstappen’s Win","With Max Verstappen’s dominance in the 2024 season, Formula 1 teams met yesterday to discuss potential changes to the 2025 regulations. 'We need to ensure fair competition while celebrating excellence,' said FIA President Jean Todt.","December 5, 2024","Ethan Cross","F1 News","Sports, Formula 1"
"TechNova Secures $500 Million Investment to Expand AI Development","Following the successful launch of NovaMind, TechNova announced today that it has secured $500 million in funding from global investors. The funds will be used to expand the company’s AI research and development. CEO Mark Halton emphasized that the investment reflects confidence in the company’s vision for transformative technology.","December 5, 2024","Lisa Turner","BusinessTech","Business, Technology"
"Green Bonds See Record Adoption in Renewable Energy Projects","Building on last week’s report of $500 billion in green bonds issued globally, several Fortune 500 companies announced plans to use green financing for renewable energy projects. Notably, EnergyCo partnered with GreenFinance Inc. to develop solar farms in Asia, a move that analysts expect to generate significant returns.","December 5, 2024","Laura Martin","Finance Today","Business, Environment"
"Tourism Industry Launches Carbon Offset Marketplace","A week after pledging carbon neutrality by 2035, major tourism players unveiled a carbon offset marketplace today. Travelers can now purchase credits to offset their emissions directly through travel platforms. 'This initiative makes sustainable travel accessible to everyone,' said Lina Roberts, CEO of World Tourism Alliance.","December 5, 2024","Lina Roberts","TravelEco","Business, Tourism"
"Global Logistics Firms Embrace Blockchain for Transparency","Following last month’s surge in blockchain adoption, GlobalLog announced a new partnership with FreightChain to enhance supply chain transparency. The collaboration is expected to reduce fraud and inefficiencies while promoting sustainable practices. Blockchain in logistics is projected to grow 35% annually over the next five years.","December 5, 2024","Rachel Tan","TechEconomics","Business, Technology"
"Smart Agriculture Firms See Rapid Growth Amid Climate Challenges","Companies focused on smart agriculture are seeing unprecedented growth as climate challenges force farmers to adopt sustainable practices. AgriTech Solutions, which showcased AI irrigation tools at last week’s summit, reported a 50% revenue increase this quarter. Analysts predict strong growth in this sector for years to come.","December 5, 2024","Emily Ward","AgriTech News","Business, Environment"
"Esports Market Valuation Hits $5 Billion After Championship Success","After the Global Esports Championship's record-breaking prize pool, industry valuation has reached $5 billion, according to a report released today. Leading teams like Team Phoenix are signing sponsorship deals with tech companies, further solidifying esports as a major industry.","December 5, 2024","Alicia Torres","Esports Central","Business, Esports"
"Formula 1 Sponsors Push for More Sustainable Racing Practices","Following discussions on 2025 regulations, Formula 1 sponsors have called for more sustainable racing practices. Tech giant NovaTech, which signed a record sponsorship deal with Manchester United, announced plans to introduce eco-friendly components in F1 cars. 'Sustainability is the future of every industry,' said NovaTech CEO Alan Stewart.","December 5, 2024","Ethan Cross","F1 News","Business, Formula 1"
"Women-Led Startups Dominate Venture Capital Funding This Year","Venture capital firms invested $50 billion in women-led startups this year, a 40% increase from last year. Notable success stories include GreenGrid, which launched its renewable energy app last month, and EduTech Inc., now expanding AI-driven educational platforms globally.","December 5, 2024","Rachel Carter","BusinessWire","Business, Gender Equality"
"Crypto Markets Rebound Amid New Regulation Framework","Yesterday, global cryptocurrency markets saw a surge after the G20 announced a unified regulation framework. Bitcoin and Ethereum climbed 15% and 20%, respectively. 'Regulation brings stability, which attracts institutional investors,' said blockchain analyst Tom Reyes.","December 5, 2024","Tom Reyes","CryptoWatch","Business, Technology"
"Urban Gardening Startups Gain Investor Attention","Urban gardening startups are attracting investor interest as cities push for greener spaces. Companies like GreenHaven, which recently partnered with Tokyo’s reforestation initiative, have reported record funding rounds. 'This is a growing market with immense potential,' said venture capitalist Kevin Mills.","December 5, 2024","Kevin Mills","UrbanLife","Business, Environment"
"TechNova Partners with EduTech for AI in Education","Today, TechNova announced a strategic partnership with EduTech Inc. to integrate NovaMind into AI-driven educational platforms. This collaboration aims to personalize learning for students globally. 'This is a natural extension of NovaMind’s capabilities,' said TechNova CEO Mark Halton.","December 5, 2024","Lisa Turner","BusinessTech","Business, Technology"
"GreenGrid to Expand Renewable Energy App to Rural Areas","Following the success of its renewable energy app, GreenGrid announced plans to expand its reach to rural communities in Africa and South Asia. 'We’re focusing on regions where energy access is a challenge,' said CEO Sarah Benson. This initiative aligns with green bond investments reported last week.","December 5, 2024","Sarah Benson","EnergyToday","Business, Environment"
"World Tourism Alliance to Partner with Airlines for Carbon Offsetting","Building on the carbon offset marketplace launch, the World Tourism Alliance announced today a partnership with leading airlines to embed offset options into ticket purchases. 'This integration simplifies sustainable travel,' said Lina Roberts.","December 5, 2024","Lina Roberts","TravelEco","Business, Tourism"
"AgriTech Solutions Signs Deal with GlobalLog for Smart Supply Chains","AgriTech Solutions, a leader in smart agriculture, has signed a deal with GlobalLog to create a blockchain-based supply chain for sustainable farming products. 'This collaboration ensures traceability from farm to table,' said AgriTech CEO Emily Ward.","December 5, 2024","Emily Ward","AgriTech News","Business, Agriculture"
"Formula 1 Sponsors Commit to Hybrid Engine Research","Building on calls for sustainability in Formula 1, sponsors including NovaTech and GreenEnergy announced today a $1 billion fund to research hybrid engine technologies. 'We’re shaping the future of motorsport,' said NovaTech CEO Alan Stewart.","December 5, 2024","Ethan Cross","F1 News","Business, Sustainability"
"Esports Championship Organizers Report $50M Sponsorship Revenue","Following last month’s Global Esports Championship, organizers revealed today that sponsorship deals brought in $50 million, with tech firms leading the charge. 'Esports is becoming a major industry,' said Alex Tan, President of the Esports Federation.","December 5, 2024","Alicia Torres","Esports Central","Business, Esports"
"Cryptocurrency Exchange Launches Green Mining Initiative","CoinEco, a major cryptocurrency exchange, announced yesterday a green mining initiative aimed at reducing the environmental impact of blockchain technology. This move comes after the G20's unified regulation framework sparked optimism in crypto markets.","December 5, 2024","Tom Reyes","CryptoWatch","Business, Technology"
"Manchester United Expands Digital Fan Engagement Platform","Today, Manchester United launched a new fan engagement app powered by blockchain technology, following their record-breaking sponsorship deal with NovaTech. The app allows fans to access exclusive content and buy digital collectibles. 'This is the future of fan interaction,' said club manager Erik ten Hag.","December 5, 2024","Mark Wilson","Soccer Times","Business, Football"
"UrbanLife Ventures Invests in GreenHaven for Urban Gardening Projects","UrbanLife Ventures announced today a $25 million investment in GreenHaven, the startup leading Tokyo’s urban reforestation initiative. The funding will support green spaces in five additional cities. 'Green urban spaces are crucial for sustainable living,' said UrbanLife CEO Kevin Mills.","December 5, 2024","Kevin Mills","UrbanLife","Business, Environment"
"Startup Ecosystem Thrives with Women-Led Initiatives","A report released today highlights a 60% increase in venture capital investments in women-led startups. Companies like GreenGrid and EduTech are driving change, with analysts attributing the growth to their innovative approaches in addressing global challenges.","December 5, 2024","Rachel Carter","BusinessWire","Business, Gender Equality"
"AI-Powered Diagnostics Revolutionize Rural Healthcare","Today, MedTech Corp announced the deployment of AI diagnostic tools in rural clinics across India, building on its technology showcased last month. These tools analyze patient symptoms in real-time, enabling early detection of diseases like diabetes and hypertension. 'This is a step toward accessible healthcare for all,' said CEO Dr. Sarah Mehta.","December 5, 2024","Dr. Sarah Mehta","HealthTech Journal","Health, Technology"
"VR Therapy Expands to Treat PTSD in Veterans","Following the success of VRHealth Solutions in anxiety treatment, the company announced yesterday that its virtual reality therapy will now focus on veterans with PTSD. Initial studies show a 40% improvement in symptoms after 10 sessions. 'Technology is transforming mental health care,' said Dr. Emily Clarkson.","December 5, 2024","Dr. Emily Clarkson","MedNews","Health, Technology"
"Global Health Summit Addresses Rising Antibiotic Resistance","During the Global Health Summit held yesterday, experts discussed the alarming rise of antibiotic resistance. WHO Director-General Dr. Tedros Adhanom called for urgent action, including stricter regulations on antibiotic use and investment in new drug development. 'The world is running out of effective antibiotics,' he warned.","December 5, 2024","Dr. Tedros Adhanom","GlobalHealth Insights","Health, Policy"
"Climate Change Linked to Increased Disease Outbreaks","A study released today highlights the connection between climate change and the spread of vector-borne diseases like malaria and dengue. Warmer temperatures and changing rainfall patterns are creating ideal breeding grounds for mosquitoes. 'This is a public health emergency,' said Dr. Maria Lopez.","December 5, 2024","Dr. Maria Lopez","EcoHealth News","Health, Environment"
"Nutrition Startups Aim to Combat Urban Malnutrition","UrbanLife Ventures announced a $10 million investment today in startups tackling urban malnutrition. Companies like NutriGrow are using AI to create personalized nutrition plans for city dwellers. 'Good health begins with good nutrition,' said UrbanLife CEO Kevin Mills.","December 5, 2024","Kevin Mills","HealthTech Today","Health, Business"
"New Flu Vaccine Campaign Targets Vulnerable Populations","Building on last week’s flu vaccine drive, the Ministry of Health announced today a new campaign to vaccinate vulnerable groups, including children and the elderly. Mobile clinics will be deployed to remote areas starting tomorrow. 'Our goal is to prevent a winter surge,' said Health Minister Dr. Priya Sharma.","December 5, 2024","Dr. Priya Sharma","PublicHealth Now","Health, Vaccination"
"AI Predicts Pandemic Hotspots Months in Advance","Researchers at ClimateAI have adapted their predictive flood modeling to forecast pandemic hotspots, integrating weather data and population density metrics. The model, unveiled yesterday, could revolutionize how governments prepare for outbreaks. 'Prevention is the best cure,' said lead researcher Dr. Rahul Kapoor.","December 5, 2024","Dr. Rahul Kapoor","GeoHealth Weekly","Health, Technology"
"Esports Health Program Promotes Player Well-Being","Following the rise of esports, organizations are launching health initiatives to address player burnout and injuries. The Esports Health Alliance, formed last week, announced today a partnership with VRHealth to provide mental health and physical therapy for players. 'Healthy players mean better performance,' said Alliance President Alex Tan.","December 5, 2024","Alex Tan","Esports Central","Health, Esports"
"Urban Gardening Linked to Improved Mental Health","A report released today shows that urban gardening projects, like Tokyo’s reforestation initiative, significantly reduce stress and improve mental health. 'Green spaces offer a therapeutic escape from urban chaos,' said Dr. Elena Cruz, a psychologist. UrbanLife Ventures is funding similar projects in five more cities.","December 5, 2024","Dr. Elena Cruz","UrbanLife Insights","Health, Environment"
"Global Vaccine Manufacturers Commit to Sustainable Practices","Major vaccine manufacturers announced yesterday a commitment to reducing their environmental impact by adopting sustainable production methods. This comes after rising criticism of medical waste from disposable syringes and vials. 'We must care for both human health and the planet,' said MedTech CEO Dr. Sarah Mehta.","December 5, 2024","Dr. Sarah Mehta","GreenHealth News","Health, Environment"
"AI-Powered Wearables Revolutionize Health Monitoring","Building on MedTech's diagnostic tools, several companies have introduced AI-powered wearables to monitor chronic conditions like diabetes and heart disease. These devices, launched yesterday, alert users and doctors to potential health issues in real-time. 'Technology is empowering patients like never before,' said Dr. Emily Clarkson.","December 5, 2024","Dr. Emily Clarkson","HealthTech Journal","Health, Technology"
"Climate Change Drives Surge in Respiratory Illnesses","A new study highlights that climate-related air pollution is leading to a rise in respiratory illnesses globally. The report, released today, links increased CO2 emissions and wildfires to asthma and lung disease. 'Climate change isn’t just an environmental issue; it’s a health crisis,' said Dr. Maria Lopez.","December 5, 2024","Dr. Maria Lopez","EcoHealth News","Health, Environment"
"Esports Teams Mandate Mental Health Breaks for Players","Following last month’s Esports Health Alliance announcement, several leading teams now mandate mental health breaks for players to prevent burnout. The move aligns with VRHealth’s therapy initiative launched earlier this year. 'This ensures a sustainable career for esports players,' said Alex Tan, Esports Health Alliance President.","December 5, 2024","Alex Tan","Esports Central","Health, Esports"
"Green Spaces in Cities Reduce Cardiovascular Disease Risk","Urban gardening and reforestation initiatives, like Tokyo’s projects, are shown to reduce stress-related cardiovascular risks. A report released today highlights that residents living near green spaces have a 25% lower risk of heart disease. 'Nature is medicine,' said Dr. Elena Cruz, who led the study.","December 5, 2024","Dr. Elena Cruz","UrbanLife Insights","Health, Environment"
"Vaccination Rates Surge After AI-Driven Outreach Campaign","Today, the Ministry of Health reported a 20% increase in flu vaccination rates following an AI-driven outreach campaign. By using data analytics to target vulnerable populations, the program successfully reached remote areas, continuing efforts from last month’s vaccination drive.","December 5, 2024","Dr. Priya Sharma","PublicHealth Now","Health, Vaccination"
"Global Food Security Threatened by Climate-Driven Nutritional Loss","A new WHO report warns that climate change is reducing the nutritional content of staple crops like rice and wheat. 'We’re not just growing less; we’re growing less nutritious food,' said Dr. Rahul Kapoor. This aligns with UrbanLife Ventures' investment in startups tackling urban malnutrition.","December 5, 2024","Dr. Rahul Kapoor","GlobalHealth Insights","Health, Environment"
"Telemedicine Adoption Surges in Rural Communities","Building on AI diagnostic tools, MedTech reported a 50% increase in telemedicine consultations in rural areas last month. Patients with chronic illnesses now have greater access to specialists without traveling long distances. 'Telemedicine is bridging the healthcare gap,' said CEO Dr. Sarah Mehta.","December 5, 2024","Dr. Sarah Mehta","MedNews","Health, Technology"
"AI Predicts Mental Health Trends in Urban Populations","ClimateAI expanded its predictive technology to identify mental health trends in urban areas. Using data from urban gardening projects, the AI flagged stress and anxiety as key concerns. 'This enables cities to plan mental health resources effectively,' said Dr. Rahul Kapoor.","December 5, 2024","Dr. Rahul Kapoor","GeoHealth Weekly","Health, Technology"
"Vaccine Makers Collaborate on Global Immunization Efforts","Today, the Global Vaccine Alliance announced a partnership with sustainable vaccine manufacturers to improve immunization rates in low-income countries. 'We’re combining innovative production methods with efficient delivery systems,' said GVA Director Dr. Elena Cruz.","December 5, 2024","Dr. Elena Cruz","GreenHealth News","Health, Vaccination"
"Sportswear Brands Develop Injury Prevention Tech for Athletes","Inspired by wearable health tech, major sportswear brands launched smart apparel yesterday to prevent injuries in athletes. The garments monitor muscle strain and hydration levels in real-time. 'This technology is a game-changer for sports health,' said Alex Tan, President of the Esports Health Alliance.","December 5, 2024","Alex Tan","HealthTech Today","Health, Technology"
"VR Movie 'Beyond Reality' Becomes Highest-Grossing Film of 2024","Following its groundbreaking premiere, the virtual reality movie 'Beyond Reality' has grossed $1 billion globally. Industry experts attribute the success to its immersive storytelling and innovative use of VR technology. 'This sets a new benchmark for cinema,' said director James Carter.","December 5, 2024","Emily Stone","MovieSphere","Entertainment, Technology"
"AI-Powered Platform Revolutionizes Scriptwriting","Today, FilmCraft AI launched a platform that uses artificial intelligence to assist in scriptwriting. This tool analyzes successful scripts to offer recommendations on dialogue, pacing, and plot twists. 'This doesn’t replace creativity but enhances it,' said founder Ahmed Patel.","December 5, 2024","Ahmed Patel","FilmInsider","Entertainment, Technology"
"Esports Documentary 'Game Changers' Tops Streaming Charts","'Game Changers,' a documentary exploring the rise of esports and featuring highlights from the Global Esports Championship, became the most-streamed title on ViewNow this week. 'This proves esports is more than just a game—it’s a cultural movement,' said director Alicia Tan.","December 5, 2024","Alicia Tan","Esports Central","Entertainment, Esports"
"Naomi Osaka to Produce Tennis Biopic Highlighting Women's Sports","Tennis champion Naomi Osaka announced today that she will produce a biopic about her journey and the broader challenges faced by women in sports. 'This is a story of perseverance and breaking barriers,' said Osaka, who recently won her fourth Grand Slam.","December 5, 2024","Sarah Harper","Tennis Today","Entertainment, Sports"
"Global Film Studios Commit to Green Production Practices","Major film studios announced yesterday their commitment to adopting sustainable production methods by 2030. Initiatives include reducing energy use on sets and promoting digital workflows. 'Entertainment can lead the way in sustainability,' said studio executive Carla Ruiz.","December 5, 2024","Carla Ruiz","GreenEntertainment","Entertainment, Environment"
"India Announces Gaming Awards Inspired by GamesCon Success","Inspired by GamesCon 2024, India announced the launch of the National Gaming Awards to celebrate excellence in game development and esports. 'This initiative reflects the growth of gaming as a cultural and economic force,' said Gaming Federation President Rahul Singh.","December 5, 2024","Rahul Singh","GameWorld","Entertainment, Gaming"
"Virtual Concerts Gain Momentum with AI Musicians","The band VirtuoAI, composed entirely of AI-generated performers, held a virtual concert yesterday that attracted over 2 million attendees globally. 'This is the future of music,' said concert organizer David Parker. Critics praised the technology but questioned its artistic integrity.","December 5, 2024","David Parker","MusicTech Weekly","Entertainment, Technology"
"Hollywood Stars Embrace Eco-Friendly Fashion","At last night's EcoAwards, celebrities showcased sustainable fashion, with outfits made from recycled and biodegradable materials. 'Fashion and entertainment have a responsibility to inspire change,' said award-winner actress Laura Bennett.","December 5, 2024","Laura Bennett","StyleGreen","Entertainment, Fashion"
"Streaming Platforms See Surge in Sports Documentaries","Following the success of 'Game Changers,' streaming platforms have reported a 50% increase in viewership for sports documentaries. Titles focusing on cricket, football, and esports are particularly popular. 'Audiences are hungry for inspiring stories,' said ViewNow CEO Mark Wilson.","December 5, 2024","Mark Wilson","StreamScene","Entertainment, Sports"
"Virtual Reality Theaters Transform the Movie-Watching Experience","Yesterday, CineTech unveiled VR theaters in five major cities, offering immersive experiences for films like 'Beyond Reality.' 'This is not just watching a movie; it’s living it,' said CineTech CEO Lisa Turner. Plans are underway to expand globally by next year.","December 5, 2024","Lisa Turner","MovieSphere","Entertainment, Technology"
"VR Movie Studios Announce Sequel to 'Beyond Reality'","Following the massive success of 'Beyond Reality,' VR Studios announced today that a sequel is in development. The film, set to release in 2026, promises an even more immersive experience using advanced VR technology. 'We are raising the bar for cinematic storytelling,' said director James Carter.","December 5, 2024","Emily Stone","MovieSphere","Entertainment, Technology"
"AI Music Creator Wins Prestigious Award for Best Album","VirtuoAI, the AI-driven music band, made history yesterday by winning the Global Music Innovation Award for their latest album. 'This demonstrates how AI can be a creative force,' said David Parker, the band’s producer. Critics, however, remain divided on the role of AI in music.","December 5, 2024","David Parker","MusicTech Weekly","Entertainment, Technology"
"Esports-Themed Drama Series Greenlit by Streaming Giant","StreamNow announced today a drama series based on the lives of professional esports players, inspired by the recent success of 'Game Changers.' The series will explore the challenges and triumphs of competitive gaming. 'This is a new genre of storytelling,' said producer Alicia Tan.","December 5, 2024","Alicia Tan","Esports Central","Entertainment, Esports"
"Indian Gaming Federation Launches Film Festival on Video Games","The Indian Gaming Federation, following the success of GamesCon, announced a new film festival celebrating video game culture and storytelling. Scheduled for next year, the festival will feature films about gaming history and esports heroes. 'Gaming is art, and it deserves recognition,' said Rahul Singh.","December 5, 2024","Rahul Singh","GameWorld","Entertainment, Gaming"
"Hollywood Studios Experiment with Carbon-Neutral Productions","Several Hollywood studios have begun pilot programs to create carbon-neutral movie productions. Yesterday, EcoMovies released a short documentary showcasing the benefits of sustainable filmmaking practices, building on the industry's recent pledge for greener practices.","December 5, 2024","Carla Ruiz","GreenEntertainment","Entertainment, Environment"
"Streaming Platforms Introduce VR Integration for Documentaries","Streaming platforms like CineStream have started integrating VR into their documentary offerings. Today’s announcement includes titles like 'Game Changers' and 'Living the Game,' offering viewers an immersive storytelling experience. 'This is the future of factual content,' said CineStream CEO Mark Wilson.","December 5, 2024","Mark Wilson","StreamScene","Entertainment, Technology"
"Virtual Reality Game Wins Best Interactive Experience at Awards","Yesterday, 'Legends of Andoria VR,' a fully immersive virtual reality game, won Best Interactive Experience at the Global Gaming Awards. The game, developed by Studio Pixel, is celebrated for its compelling narrative and advanced player interaction. 'It’s storytelling reimagined,' said Studio Pixel CEO Sarah Wong.","December 5, 2024","Sarah Wong","GameWorld","Entertainment, Gaming"
"Naomi Osaka's Biopic Sparks Interest in Women-Led Film Projects","Naomi Osaka’s biopic, still in pre-production, has sparked a wave of interest in women-led film projects. Major studios announced today a collective fund to support female directors and producers, a move hailed as 'long overdue' by industry critics.","December 5, 2024","Sarah Harper","Tennis Today","Entertainment, Sports"
"Global Esports Championship Documentary Earns Oscar Nomination","The documentary 'Game Changers' was announced today as a nominee for Best Documentary Feature at the Oscars. The nomination marks a milestone for esports, further cementing its cultural significance. 'This is a proud moment for gaming,' said director Alicia Tan.","December 5, 2024","Alicia Tan","Esports Central","Entertainment, Esports"
"First-Ever Virtual Reality Film Festival to Debut Next Year","CineVR announced today the launch of the first-ever Virtual Reality Film Festival, set to debut in Los Angeles in 2025. The festival will showcase VR films like 'Beyond Reality' and experimental projects from new creators. 'This is a platform to push the boundaries of storytelling,' said festival director Lisa Turner.","December 5, 2024","Lisa Turner","MovieSphere","Entertainment, Technology"
"AI-Powered Wearables Revolutionize Fitness Tracking","New AI-powered fitness wearables launched yesterday by FitTech Inc. offer real-time health insights, including stress monitoring and sleep optimization. These devices are expected to dominate the health and fitness market by 2025.","December 5, 2024","Dr. Emily Clarkson","HealthTech Journal","Health, Technology"
"Global Summit on Sustainable Cities Concludes Today","The Global Summit on Sustainable Cities ended today with 150 countries committing to expand urban green spaces and adopt renewable energy solutions in urban planning. Experts called it a 'crucial step' for tackling climate change.","December 5, 2024","Raj Mehta","UrbanLife","Environment, Urban Development"
"Virtual Concert Featuring AI Musicians Breaks Records","The AI music band VirtuoAI performed a virtual concert yesterday, attracting 3 million attendees. Critics continue to debate the role of AI in music, but fans embraced the event as revolutionary.","December 5, 2024","David Parker","MusicTech Weekly","Entertainment, Technology"
"Esports Health Alliance Expands Services to Schools","The Esports Health Alliance announced today it will provide mental health resources and physical therapy programs to high school esports teams starting next year. 'This ensures a healthier start for young players,' said President Alex Tan.","December 5, 2024","Alex Tan","Esports Central","Health, Esports"
"TechNova Unveils AI for Small Business Automation","TechNova announced today its latest AI tool aimed at automating processes for small businesses, including inventory management and customer service. CEO Mark Halton said, 'We aim to empower smaller enterprises with advanced technology.'","December 5, 2024","Lisa Turner","BusinessTech","Business, Technology"
"Naomi Osaka's Biopic Set to Premiere at Women in Film Festival","Naomi Osaka's biopic, titled 'Unstoppable,' is set to premiere next month at the Women in Film Festival. The movie chronicles her rise in tennis and advocacy for mental health awareness.","December 5, 2024","Sarah Harper","Tennis Today","Entertainment, Sports"
"India to Host Climate Action Conference in 2025","India has been selected to host the 2025 Climate Action Conference, focusing on sustainable solutions for developing nations. The announcement was made at the Global Health Summit held earlier this week.","December 5, 2024","Carlos Mendes","EcoHealth News","Environment, Policy"
"Cricket League Adopts AI Umpiring System","The World Cricket League announced yesterday that it will adopt an AI-based umpiring system for the upcoming season to improve decision accuracy. 'This is the future of cricket,' said league spokesperson James Wright.","December 5, 2024","James Wright","Cricket Daily","Sports, Technology"
"Urban Gardening Projects Win Global Innovation Award","Urban gardening initiatives in Tokyo and Berlin were recognized today at the Global Innovation Awards for transforming urban landscapes. These projects have reduced air pollution and improved mental health for residents.","December 5, 2024","Aiko Tanaka","UrbanLife","Environment, Health"
"Beyond Reality Sequel to Feature New VR Innovations","VR Studios announced today that the sequel to 'Beyond Reality' will feature haptic feedback suits, allowing audiences to feel the movie’s actions. 'We’re pushing the boundaries of immersive storytelling,' said director James Carter.","December 5, 2024","Emily Stone","MovieSphere","Entertainment, Technology"
"New Study Links Climate Change to Increased Heart Disease","A report released today highlights that rising temperatures and air pollution caused by climate change are contributing to a global increase in heart disease. 'This is an urgent call for action,' said Dr. Maria Lopez.","December 5, 2024","Dr. Maria Lopez","EcoHealth News","Health, Environment"
"Green Bonds Power Major Renewable Energy Projects in Africa","Today, GreenFinance Inc. announced $1 billion in green bond investments to fund solar and wind projects in sub-Saharan Africa. 'This is a milestone for sustainable development,' said CEO Laura Martin.","December 5, 2024","Laura Martin","Finance Today","Business, Environment"
"Formula 1 to Pilot Fully Electric Races in 2026","The FIA announced yesterday that it will pilot fully electric Formula 1 races starting in 2026 as part of its commitment to sustainability. 'This is the next era of motorsport,' said FIA President Jean Todt.","December 5, 2024","Ethan Cross","F1 News","Sports, Environment"
"VR-Based Education Platform Launches for Rural Students","EduTech Inc. launched a VR education platform today aimed at providing interactive learning experiences for rural students. 'This technology bridges educational gaps,' said CEO Ahmed Patel.","December 5, 2024","Ahmed Patel","EducationTech","Education, Technology"
"Global Esports Championship Returns with $20M Prize Pool","The Global Esports Championship announced today that its 2025 edition will feature a record-breaking $20 million prize pool. 'This cements esports as a global powerhouse,' said organizer Alicia Tan.","December 5, 2024","Alicia Tan","Esports Central","Entertainment, Gaming"
"Health Apps Dominate Consumer Electronics Expo","Today’s Consumer Electronics Expo featured a surge in health-focused apps, including AI tools for stress management and personalized nutrition. 'Health tech is the future of the industry,' said keynote speaker Dr. Alan Reid.","December 5, 2024","Dr. Alan Reid","TechWorld","Health, Technology"
"Streaming Platforms Embrace Sustainable Content Delivery","Streaming services like ViewNow announced initiatives to reduce energy consumption and transition to green servers. 'Sustainability should be part of every industry,' said ViewNow CEO Mark Wilson.","December 5, 2024","Mark Wilson","StreamScene","Entertainment, Environment"
"Women-Led Startups Dominate Global Entrepreneurship Awards","Women-led companies like GreenGrid and NutriGrow swept the Global Entrepreneurship Awards this year, highlighting their role in addressing climate and nutrition challenges. 'Innovation knows no gender,' said award judge Carla Ruiz.","December 5, 2024","Carla Ruiz","BusinessWire","Business, Gender Equality"
"AI Predicts Top Markets for Renewable Energy Expansion","Researchers at ClimateAI announced a model today that identifies optimal regions for renewable energy projects based on climate and economic data. 'This accelerates global sustainability efforts,' said Dr. Rahul Kapoor.","December 5, 2024","Dr. Rahul Kapoor","GeoTech News","Technology, Environment"
"Hollywood Stars Advocate for Eco-Friendly Movie Sets","At the Global Film Awards last night, several Hollywood stars called for stricter sustainability standards on film sets. 'Entertainment must lead by example,' said actress Laura Bennett.","December 5, 2024","Laura Bennett","StyleGreen","Entertainment, Environment"
"AI Startups See Record Investment in 2024","Startups specializing in artificial intelligence have seen a record $500 billion in investments this year, according to the Global Tech Report 2024. Key areas of interest include natural language processing, autonomous systems, and healthcare applications. Analysts attribute this surge to growing corporate adoption and government initiatives to promote AI innovation. 'The future is clearly AI-driven,' said Dr. Alan Wong, a tech analyst. Despite the optimism, some experts warn of ethical concerns and the need for robust regulations.","December 5, 2024","Alan Wong","TechWorld","Technology, Business"
"Rare Meteor Shower Lights Up Night Sky","Astronomy enthusiasts were treated to a spectacular meteor shower last night as the Geminids lit up the night sky. With over 120 meteors visible per hour, this annual event is considered one of the most reliable meteor showers of the year. 'This year’s display was particularly vibrant due to clear skies,' said Dr. Maria Torres, an astronomer at the National Space Observatory. The next major celestial event is the solar eclipse expected in April 2025.","December 5, 2024","Maria Torres","SkyWatch","Astronomy"
"New Study Links Coffee to Improved Cognitive Health","A recent study by the International Nutrition Institute suggests that moderate coffee consumption can improve cognitive functions and reduce the risk of Alzheimer’s disease. Published yesterday in the Journal of Nutrition, the study followed over 10,000 participants for a decade. 'This reinforces the idea that coffee, in moderation, is beneficial for long-term brain health,' said lead researcher Dr. Priya Mehta. The study also recommends avoiding excessive sugar or cream to maximize benefits.","December 5, 2024","Priya Mehta","HealthNow","Health, Nutrition"
"Major Sports League Introduces Mid-Season Tournament","The National Basketball League announced today the introduction of a mid-season tournament starting next year. The tournament will feature all 30 teams competing for a $5 million prize. 'This new format aims to boost fan engagement and add excitement to the regular season,' said league commissioner Adam Silver. Fans have expressed mixed reactions, with some welcoming the change while others question its impact on players’ schedules.","December 5, 2024","Adam Silver","Sports Insider","Sports"
"Japan to Launch New Bullet Train by 2026","Japan’s Transport Ministry announced plans today to launch the next-generation bullet train by 2026. The new train, capable of reaching speeds of 400 km/h, will connect Tokyo to Osaka in under two hours. Transport Minister Aiko Tanaka highlighted the project as part of the country’s commitment to modernizing infrastructure and reducing carbon emissions. The construction phase is expected to begin early next year.","December 5, 2024","Aiko Tanaka","TransportNews","Transportation"
"World’s Largest Coral Restoration Project Begins","A team of marine biologists has launched the world’s largest coral restoration project in the Great Barrier Reef. Announced today, the project aims to restore over 1,000 hectares of damaged coral over the next decade. Lead scientist Dr. Liam Chen said, 'We are using cutting-edge techniques to ensure long-term resilience of these ecosystems.' The project will also involve local communities and volunteers in restoration activities.","December 5, 2024","Liam Chen","MarineTimes","Environment, Conservation"
"New Cryptocurrency Exchange Launches in Europe","CryptEx, a new cryptocurrency exchange platform, was officially launched in Europe today. The platform promises lower transaction fees and advanced security features, targeting both individual and institutional investors. CEO Rachel Carter said, 'Our goal is to make cryptocurrency trading accessible and secure for everyone.' CryptEx also plans to introduce educational resources for new traders.","December 5, 2024","Rachel Carter","CryptoWorld","Finance, Technology"
"World Leaders Agree to New Trade Pact","At the conclusion of the Global Trade Summit today, world leaders signed a historic trade agreement aimed at reducing tariffs and promoting economic cooperation across Asia and Europe. 'This pact is a win-win for all participants,' said UN Secretary-General Antonio Guterres. Economists estimate the agreement will boost global trade by 5% annually. Critics, however, warn of potential challenges in enforcing the pact's labor and environmental standards.","December 5, 2024","Antonio Guterres","GlobalTimes","Business, Policy"
"Breakthrough in Cancer Research Announced","Scientists at the Global Cancer Institute revealed today a new drug that significantly reduces tumor growth in certain types of cancer. The drug, which completed phase 2 clinical trials, showed a 70% success rate in reducing tumor size among test subjects. Dr. Emily Grant, the lead researcher, said, 'This breakthrough offers hope for millions of patients worldwide.' Further trials are scheduled for early 2025 before seeking regulatory approval.","December 5, 2024","Emily Grant","MedNews","Health, Science"
"Global Film Awards Highlight Diverse Storytelling","The Global Film Awards celebrated the best in cinema last night, with films from 20 different countries winning top honors. The Best Picture award went to 'Echoes of Time,' a historical drama from South Korea. 'This year’s winners showcase the power of diverse storytelling,' said Carla Ruiz, head of the jury. The ceremony also emphasized sustainability in filmmaking, with several awardees discussing eco-friendly production practices.","December 5, 2024","Carla Ruiz","MovieSphere","Entertainment"
"Tech Startup Introduces Smart Home Security System","HomeSecure, a Silicon Valley startup, unveiled its latest smart home security system today. The system integrates AI-powered surveillance, smart locks, and emergency response automation. CEO Mark Wright said, 'This is the future of home security, designed to provide safety and convenience.' The product will be available in the US by early next year, with plans to expand internationally by 2026.","December 5, 2024","Mark Wright","TechNow","Technology, Business"
"New York Hosts Annual Fashion Week with Sustainability Focus","The Annual New York Fashion Week kicked off today, emphasizing sustainable practices in the fashion industry. Designers showcased collections made from recycled materials and organic fabrics. 'Sustainability is not a trend; it’s a responsibility,' said fashion designer Laura Bennett.","December 5, 2024","Laura Bennett","StyleScene","Fashion, Environment"
"Scientists Predict Rare Solar Event Next Year","Astronomers at the International Space Agency announced today that a rare hybrid solar eclipse will occur in April 2025. This unique event will combine features of both a total and annular eclipse, visible across parts of Asia and North America. 'It’s an astronomical phenomenon you don’t want to miss,' said Dr. Kevin Mills.","December 5, 2024","Kevin Mills","SpaceToday","Astronomy"
"New App Helps Users Reduce Food Waste","EcoBite, a new app designed to combat food waste, was launched today. The app connects users with local food donation centers and provides tips on managing food inventory. Founder Sarah Collins said, 'Our mission is to reduce waste and fight hunger simultaneously.' The app has already partnered with major grocery chains across the US.","December 5, 2024","Sarah Collins","GreenTech","Environment, Technology"
"World Cup Fever Grips Argentina","Argentina is preparing for the 2026 FIFA World Cup with a new stadium in Buenos Aires and fan engagement campaigns. The Argentine Football Association announced today that tickets for the first match sold out within minutes. 'This is more than a tournament; it’s a national celebration,' said team captain Lionel Messi.","December 5, 2024","Carlos Rivera","FootballFanatics","Sports"
"Global Tech Company Launches Drone Delivery Service","DroneTech announced today the launch of its commercial drone delivery service in select cities across Europe. The service promises faster delivery times and reduced carbon emissions. 'This is a game-changer for urban logistics,' said CEO Alan Stewart.","December 5, 2024","Alan Stewart","TechInsider","Technology, Transportation"
"Breakthrough in Alzheimer’s Research Announced","Researchers at the NeuroHealth Institute revealed today a promising new treatment for early-stage Alzheimer’s. The drug, called NeuroRestore, showed significant improvements in memory retention during clinical trials. 'This is a major step forward in combating this devastating disease,' said Dr. Elena Cruz.","December 5, 2024","Elena Cruz","MedScience","Health, Science"
"World’s Largest Wind Farm Inaugurated in Denmark","Denmark inaugurated the world’s largest offshore wind farm today, capable of powering over 3 million homes annually. 'This is a testament to our commitment to renewable energy,' said Prime Minister Lars Mikkelsen. The project represents a significant milestone in Denmark’s path toward carbon neutrality.","December 5, 2024","Lars Mikkelsen","EnergyDaily","Environment, Energy"
"Virtual Reality Theme Park Opens in Dubai","A new virtual reality theme park opened today in Dubai, offering visitors fully immersive experiences ranging from space exploration to underwater adventures. 'This park is a glimpse into the future of entertainment,' said park director Ahmed Khan.","December 5, 2024","Ahmed Khan","TravelTech","Entertainment, Technology"
"International Jazz Festival Returns After Pandemic Hiatus","The International Jazz Festival returned to New Orleans this week after a three-year hiatus due to the pandemic. The week-long event features performances from over 100 artists. 'Jazz is the heartbeat of this city, and we’re thrilled to bring it back,' said festival organizer Samantha Lee.","December 5, 2024","Samantha Lee","MusicScene","Entertainment"
"AI Wearables Expand Into Sports Performance Tracking","Building on the success of health-focused wearables, AI-powered devices now target athletes with real-time performance tracking. Today, ProFitTech launched a smartwatch that analyzes biomechanics during training. 'This technology bridges sports science and AI,' said CEO Lisa Turner.","December 5, 2024","Lisa Turner","TechWorld","Health, Sports, Technology"
"Green Energy Summit Discusses Offshore Wind Expansion","At the Global Green Energy Summit, leaders proposed doubling offshore wind farms worldwide by 2030. Denmark’s newly inaugurated wind farm was cited as a model for scaling renewable projects. 'Global collaboration is key,' said UN Climate Chief Maria Lopez.","December 5, 2024","Maria Lopez","EnergyDaily","Environment, Policy"
"Virtual Reality Concerts Now Include Interactive Avatars","The entertainment world took a leap forward today as VirtuoAI introduced interactive avatars for virtual concerts. Fans can now customize their avatars and interact with performers during events. 'This redefines fan engagement,' said event producer David Parker.","December 5, 2024","David Parker","MusicTech Weekly","Entertainment, Technology"
"Smart Home Security Gets Smarter With AI Enhancements","HomeSecure announced an upgrade to its smart security systems today, integrating predictive AI to detect suspicious behavior. 'This system offers unparalleled protection,' said CEO Mark Wright. The enhancements follow the system’s launch earlier this year.","December 5, 2024","Mark Wright","TechInsider","Technology, Business"
"International Space Station Welcomes AI Research Robot","Today, the ISS welcomed its first AI-enabled research robot designed to assist astronauts in experiments. Named AstroBot, it can analyze data in real-time and reduce workloads. 'This marks a new era in space exploration,' said NASA scientist Kevin Mills.","December 5, 2024","Kevin Mills","SpaceToday","Technology, Space"
"GamesCon Announces Esports Academy for Youth","GamesCon organizers unveiled plans today for an Esports Academy targeting youth aged 13-18. The program will offer professional training in competitive gaming and team management. 'This academy paves the way for the next generation of esports talent,' said GamesCon Director Rahul Singh.","December 5, 2024","Rahul Singh","GameWorld","Sports, Gaming"
"AI Tool Predicts Renewable Energy Potential Across Regions","Researchers at ClimateAI introduced an AI tool today capable of forecasting the renewable energy potential of different regions. 'This is a breakthrough in resource planning,' said Dr. Rahul Kapoor. The model complements ClimateAI’s earlier work on flood and pandemic predictions.","December 5, 2024","Rahul Kapoor","GeoTech News","Technology, Environment"
"Hollywood Adopts Blockchain for Transparent Revenue Sharing","In a first for the film industry, Hollywood studios announced today they will use blockchain technology for transparent revenue sharing with actors and production teams. 'This ensures fair compensation across the board,' said Studio Executive Carla Ruiz.","December 5, 2024","Carla Ruiz","GreenEntertainment","Entertainment, Technology"
"Virtual Reality Theme Park Expands to Europe","Following its successful launch in Dubai, the VR theme park announced today plans to open locations in Paris and Berlin by 2025. The expansion includes new experiences like interactive history simulations. 'This is just the beginning,' said park director Ahmed Khan.","December 5, 2024","Ahmed Khan","TravelTech","Entertainment, Technology"
"AI Startup Creates Tool to Design Personalized Nutrition Plans","NutriAI launched a new platform today that generates personalized nutrition plans based on user health data. 'This tool makes healthy eating accessible for all,' said founder Sarah Collins. NutriAI complements recent innovations in AI-driven fitness technology.","December 5, 2024","Sarah Collins","HealthTech Now","Health, Technology"
"Esports Championship Documentary Wins Critics' Choice Award","The documentary 'Game Changers,' which explores the rise of esports, won the Critics' Choice Award for Best Documentary today. 'This recognition validates gaming as a cultural phenomenon,' said director Alicia Tan.","December 5, 2024","Alicia Tan","Esports Central","Entertainment, Gaming"
"India Launches National AI Initiative for Education","India’s government announced today a $2 billion initiative to integrate AI into education systems. The program will provide tools like EduTech's VR platforms to rural schools. 'This will revolutionize education in underserved areas,' said Education Minister Rajesh Patel.","December 5, 2024","Rajesh Patel","EducationToday","Education, Technology"
"Breakthrough in Coral Growth Acceleration Achieved","Marine biologists in Australia unveiled a method to accelerate coral growth by 30%. This breakthrough could restore damaged reefs like the Great Barrier Reef faster than previously thought. 'This changes the game for marine conservation,' said lead scientist Dr. Liam Chen.","December 5, 2024","Liam Chen","MarineTimes","Environment, Science"
"Formula 1 Teams to Test Hydrogen-Powered Engines","The FIA announced today that Formula 1 teams will test hydrogen-powered engines in 2025 as part of the sport's push toward sustainability. 'This could redefine motorsports,' said FIA President Jean Todt.","December 5, 2024","Jean Todt","F1 News","Sports, Environment"
"Streaming Platforms Introduce Energy-Efficient Algorithms","Streaming platforms like ViewNow rolled out updates today to reduce server energy consumption. 'Sustainability in digital content delivery is critical,' said ViewNow CEO Mark Wilson. This follows industry-wide calls for greener technology.","December 5, 2024","Mark Wilson","StreamScene","Technology, Environment"
"Virtual Reality Game Wins Innovation Prize at Gaming Expo","Studio Pixel's VR game 'Legends of Andoria VR' won the Innovation Prize today at the International Gaming Expo. 'This game sets a new standard for interactivity,' said Studio CEO Sarah Wong.","December 5, 2024","Sarah Wong","GameWorld","Entertainment, Gaming"
"New Drug for Rare Genetic Disorders Shows Promise","PharmaGen revealed today early trial results for a drug targeting a rare genetic disorder affecting 1 in 50,000 people. 'This breakthrough offers hope for families,' said lead researcher Dr. Elena Cruz.","December 5, 2024","Elena Cruz","MedScience","Health, Science"
"Global Esports Championship Expands to Five New Regions","The organizers of the Global Esports Championship announced today the event will expand to Africa, South America, and Southeast Asia by 2026. 'This is a step toward making esports truly global,' said organizer Alicia Tan.","December 5, 2024","Alicia Tan","Esports Central","Sports, Gaming"
"Asteroid Mining Project Begins Feasibility Testing","AstroMining Inc. announced today that it has begun feasibility tests for extracting minerals from near-Earth asteroids. 'This could revolutionize resource availability on Earth,' said CEO Alan Stewart.","December 5, 2024","Alan Stewart","SpaceToday","Science, Technology"
"Eco-Friendly Fashion Trends Dominate Paris Fashion Week","Designers at Paris Fashion Week showcased collections made from upcycled fabrics and biodegradable materials. 'Sustainability is the future of fashion,' said award-winning designer Laura Bennett.","December 5, 2024","Laura Bennett","StyleScene","Fashion, Environment"